[
  {
    "activity_id": 1,
    "name": "Museum Field Trip",
    "date": "2015-10-01T16:00:00.000Z",
    "classroom_id": 1,
    "school_id": 1
  },
  {
    "activity_id": 2,
    "name": "Book Fair",
    "date": "2015-10-06T16:00:00.000Z",
    "classroom_id": 2,
    "school_id": 1
  },
  {
    "activity_id": 3,
    "name": "Petting Zoo Visit",
    "date": "2015-10-19T16:00:00.000Z",
    "classroom_id": 3,
    "school_id": 2
  },
  {
    "activity_id": 4,
    "name": "Pottery Class",
    "date": "2015-11-04T16:00:00.000Z",
    "classroom_id": 4,
    "school_id": 2
  },
  {
    "activity_id": 5,
    "name": "Finger Painting Fun",
    "date": "2015-11-16T16:00:00.000Z",
    "classroom_id": 5,
    "school_id": 2
  },
  {
    "activity_id": 6,
    "name": "Visiting Author",
    "date": "2015-11-18T16:00:00.000Z",
    "classroom_id": 6,
    "school_id": 4
  },
  {
    "activity_id": 7,
    "name": "Picnic Lunch",
    "date": "2015-11-23T16:00:00.000Z",
    "classroom_id": 7,
    "school_id": 4
  },
  {
    "activity_id": 8,
    "name": "Lunch with Grandparents",
    "date": "2015-12-01T16:00:00.000Z",
    "classroom_id": 8,
    "school_id": 4
  },
  {
    "activity_id": 9,
    "name": "Visit City Theater",
    "date": "2015-12-09T16:00:00.000Z",
    "classroom_id": 1,
    "school_id": 1
  },
  {
    "activity_id": 10,
    "name": "Create an Art Exhibit",
    "date": "2015-12-11T16:00:00.000Z",
    "classroom_id": 1,
    "school_id": 1
  }
]