[
  {
    "id": 1,
    "name": "Mrs. Cox's 2nd Grade",
    "teacher": "Beth Cox",
    "message": "Always do your best!",
    "school_id": 1
  },
  {
    "id": 2,
    "name": "Mr. Elliott's Kindergarten",
    "teacher": "Martin Elliott",
    "message": "Treat people right!",
    "school_id": 1
  },
  {
    "id": 3,
    "name": "Mrs. Smith's 1st Grade",
    "teacher": "Amanda Smith",
    "message": "Do the right thing!",
    "school_id": 2
  },
  {
    "id": 4,
    "name": "Mr. Johnson's 4th Grade",
    "teacher": "Mike Johnson",
    "message": "Math rocks!",
    "school_id": 2
  },
  {
    "id": 5,
    "name": "Ms. Tanner's Kindergarten",
    "teacher": "Eliza Tanner",
    "message": "Share with new friends!",
    "school_id": 2
  },
  {
    "id": 6,
    "name": "Ms. Baker's 2nd Grade",
    "teacher": "Linda Baker",
    "message": "Reading is fun!",
    "school_id": 4
  },
  {
    "id": 7,
    "name": "Mr. Henderson's 3rd Grade",
    "teacher": "Brian Henderson",
    "message": "It's almost Summer!",
    "school_id": 4
  },
  {
    "id": 8,
    "name": "Mrs. Carey's 3rd Grade",
    "teacher": "Michelle Carey",
    "message": "Let's learn!",
    "school_id": 4
  }
]